<?xml version="1.0" encoding="utf-8"?>

<!--
 Copyright (c) 2016 Qualcomm Technologies, Inc.
 All Rights Reserved.
 Confidential and Proprietary - Qualcomm Technologies, Inc.
 -->

<resources>
    <string name="web_refiner_branding_label">Smart Protect - Web</string>
    <string name="web_refiner_title">Web Refiner</string>
    <string name="web_defender_title">Web Defender (beta)</string>
    <string name="web_refiner_about_text">Web Refiner is a content-filtering component that allows you to block ads, trackers and malware domains. With Web Refiner enabled, you\'ll suffer fewer annoyances when navigating the Internet. Your web browser will generally run faster, you\'ll waste less bandwidth downloading ads, and you\'ll be protected from trackers and malware domains.</string>
    <string name="web_defender_about_text">Web Defender prevents third-party trackers (including advertisers) from collecting information about which websites you visit and also your uniquely identifiable information.  If an observer is caught tracking your activities across several websites, Web Defender automatically blocks that observer from loading any more content into your browser.</string>
</resources>
