<?xml version="1.0" encoding="utf-8"?>

<!--
 Copyright (c) 2016 Qualcomm Technologies, Inc.
 All Rights Reserved.
 Confidential and Proprietary - Qualcomm Technologies, Inc.
 -->

<resources>
    <string name="swe_security_branding_label" translatable="false">Smart Protect - Web</string>
    <string name="web_refiner_title" translatable="false">Web Refiner</string>
    <string name="web_defender_title" translatable="false">Web Defender (beta)</string>
    <string name="web_refiner_about_text">Web Refiner is a content-filtering component that allows you to block ads, trackers and malware domains. With Web Refiner enabled, you\'ll suffer fewer annoyances when navigating the Internet. Your web browser will generally run faster, you\'ll waste less bandwidth downloading ads, and you\'ll be protected from trackers and malware domains.</string>
    <string name="web_defender_about_text">Web Defender uses machine intelligence to prevent third-party trackers (including advertisers) from collecting information about the websites you visit and personally identifiable information. If an observer is caught tracking your activities across several websites, Web Defender automatically blocks that observer from loading any more content into your browser.</string>
    <string name="swe_security_docs_url" translatable="false">https://webtech-devx.qualcomm.com/swe/docs/articles/en/swe-security.html?hl=$HOST_LANG</string>
    <string name="web_refiner_docs_url" translatable="false">https://webtech-devx.qualcomm.com/swe/docs/articles/en/web-refiner.html?hl=$HOST_LANG</string>
    <string name="web_defender_docs_url" translatable="false">https://webtech-devx.qualcomm.com/swe/docs/articles/en/web-defender.html?hl=$HOST_LANG</string>
</resources>
